package,time,rtime,ctime,maxrss,maxcpu,maxth,nlines,ntests,nsubtests
acceptance,8,0.023,7.977,191328,228.7,55,9,0,0
acceptance/cluster,0,-1,0,182472,154.4,47,1,0,0
acceptance/compose/gss/psql,0,-1,0,182464,154.4,46,1,0,0
acceptance/localcluster,1,-1,0,187896,160.9,51,2,0,0
acceptance/localcluster/tc,0,-1,0,182684,160.2,47,1,0,0
base,0,-1,0,206156,161.0,77,88,10,33
bench,2,-1,0,303700,129.5,52,5,0,0
bench/cmd/pgbenchsetup,0,-1,0,183072,114.8,47,1,0,0
blobs,0,-1,0,310772,114.6,82,96,9,35
blobs/blobspb,0,-1,0,208344,113.6,80,1,0,0
build,0,-1,0,194256,113.6,48,1,0,0
ccl,0,-1,0,183084,105.6,47,1,0,0
ccl/backupccl,88,84.203,3.796999999999997,1364748,509.7,120,21261,68,112
ccl/baseccl,0.02,0.02,0,249364,13.0,48,4,1,0
ccl/buildccl,0,-1,0,193728,13.0,48,1,0,0
ccl/changefeedccl,106,102.405,3.594999999999999,1679276,149.6,98,7475,51,206
ccl/changefeedccl/cdctest,4,1.026,2.974,878452,153.0,93,179,4,28
ccl/changefeedccl/changefeedbase,0,-1,0,230868,5.4,61,1,0,0
ccl/changefeedccl/kvfeed,3,0.034,2.966,1878808,108.4,113,14,1,4
ccl/changefeedccl/schemafeed,1,0.034,0.966,1234540,143.7,80,21,2,7
ccl/changefeedccl/schemafeed/schematestutils,0,-1,0,232692,6.2,58,1,0,0
ccl/cliccl,3,-1,0,1968172,175.2,116,5,0,0
ccl/cliccl/cliflagsccl,0,-1,0,199336,6.4,47,1,0,0
ccl/cmdccl/enc_utils,0,-1,0,199336,6.4,47,1,0,0
ccl/followerreadsccl,2,0.039,1.961,978884,186.0,79,12,4,0
ccl/gssapiccl,0,-1,0,214332,6.8,55,1,0,0
ccl/importccl,60,54.954,5.045999999999999,1567888,692.0,125,12811,45,246
ccl/logictestccl,10,7.63,2.37,2066576,301.7,116,324,1,18
ccl/partitionccl,104,102.176,1.823999999999998,1464060,414.7,118,16878,8,106
ccl/serverccl,6,2.975,3.025,2026060,299.2,116,823,2,20
ccl/storageccl,7,3.745,3.255,1619320,308.1,122,1051,10,119
ccl/storageccl/engineccl,1,0.067,0.933,905828,12.8,82,353,8,14
ccl/storageccl/engineccl/enginepbccl,0,-1,0,694764,12.8,82,1,0,0
ccl/utilccl,0.018,0.018,0,220100,13.1,58,10,4,0
ccl/utilccl/licenseccl,0.019,0.019,0,218152,12.2,79,9,3,0
ccl/utilccl/sampledataccl,4,2.167,1.8330000000000002,1472796,261.0,98,355,1,12
ccl/workloadccl,5,0.401,4.599,1563248,155.2,93,117,3,0
ccl/workloadccl/allccl,25,21.847,3.1529999999999987,1849636,534.7,96,2774,4,66
ccl/workloadccl/cliccl,0,-1,0,199692,5.1,47,1,0,0
ccl/workloadccl/format,0,-1,0,199692,5.2,47,1,0,0
ccl/workloadccl/roachmartccl,0,-1,0,199724,5.2,47,1,0,0
cli,159,157.547,1.453000000000003,1650572,461.4,136,3695,81,213
cli/cliflags,3,-1,0,252228,40.1,47,3,0,0
cli/syncbench,0,-1,0,252248,40.1,48,1,0,0
cli/systembench,0,-1,0,252168,40.1,48,1,0,0
cli/systembench/systembenchpb,0,-1,0,260452,40.1,55,1,0,0
clusterversion,0.02,0.02,0,747624,34.7,114,5,1,0
cmd/allocsim,0,-1,0,421796,33.9,48,1,0,0
cmd/cmdutil,0,-1,0,252164,33.9,47,1,0,0
cmd/cmp-protocol,0,-1,0,431808,33.9,48,1,0,0
cmd/cmp-protocol/pgconnect,0,-1,0,252168,33.9,48,1,0,0
cmd/cmp-sql,0,-1,0,252160,34.0,47,1,0,0
cmd/cmpconn,0.061,0.061,0,356660,25.3,52,5,1,0
cmd/cockroach,0,-1,0,252160,25.4,47,1,0,0
cmd/cockroach-oss,3,1.329,1.671,1548124,246.2,83,6,1,0
cmd/cockroach-short,3,-1,0,272516,48.4,47,3,0,0
cmd/cr2pg,0,-1,0,272516,48.5,47,1,0,0
cmd/cr2pg/sqlstream,0,-1,0,272504,48.5,47,1,0,0
cmd/docgen,0,-1,0,272516,48.7,47,1,0,0
cmd/docgen/extract,0.013,0.013,0,272564,54.6,47,14,2,0
cmd/fuzz,0,-1,0,272564,54.2,47,1,0,0
cmd/generate-binary,0,-1,0,272564,54.2,47,1,0,0
cmd/github-post,1,0.765,0.235,330824,49.1,92,54,1,11
cmd/github-pull-request-make,0.038,0.038,0,290656,44.2,69,15,2,4
cmd/gossipsim,0,-1,0,272560,38.3,47,1,0,0
cmd/internal/issues,0.024,0.024,0,473684,39.9,74,115,5,43
cmd/prereqs,0.029,0.029,0,674324,35.5,80,51,1,23
cmd/protoc-gen-gogoroach,0,-1,0,327644,35.5,72,1,0,0
cmd/publish-artifacts,0.014,0.014,0,436964,35.3,54,5,1,0
cmd/publish-provisional-artifacts,1,0.023,0.977,478576,31.9,81,75,2,4
cmd/reduce,0,-1,0,272596,31.9,47,1,0,0
cmd/returncheck,0,-1,0,489536,32.0,48,1,0,0
cmd/roachprod,0,-1,0,272596,28.3,47,1,0,0
cmd/roachprod/cloud,0,-1,0,272596,28.3,48,1,0,0
cmd/roachprod/config,0,-1,0,272612,28.3,48,1,0,0
cmd/roachprod/errors,0,-1,0,281804,28.3,54,1,0,0
cmd/roachprod/install,0,-1,0,285956,28.3,54,1,0,0
cmd/roachprod/ssh,0,-1,0,287636,28.3,54,1,0,0
cmd/roachprod/ui,0,-1,0,290200,28.3,56,1,0,0
cmd/roachprod/vm,1,0.014,0.986,476832,28.4,78,24,2,9
cmd/roachprod/vm/aws,0,-1,0,296908,28.3,78,1,0,0
cmd/roachprod/vm/aws/terraformgen,0,-1,0,272612,28.3,48,1,0,0
cmd/roachprod/vm/azure,0,-1,0,272596,28.3,47,1,0,0
cmd/roachprod/vm/flagstub,0,-1,0,272596,28.3,47,1,0,0
cmd/roachprod/vm/gce,0,-1,0,272596,28.4,47,1,0,0
cmd/roachprod/vm/local,0,-1,0,272596,28.4,47,1,0,0
cmd/roachprod-stress,0,-1,0,272596,28.4,47,1,0,0
cmd/roachtest,12,9.439,2.561,1048788,108.3,81,403,12,77
cmd/roachvet,0,-1,0,366712,12.3,79,1,0,0
cmd/skiperrs,0,-1,0,368956,12.3,79,1,0,0
cmd/smithcmp,0,-1,0,369540,12.3,79,1,0,0
cmd/smithtest,0,-1,0,369940,12.3,79,1,0,0
cmd/teamcity-trigger,1,2.809,0,308888,31.0,65,7,2,0
cmd/testfilter,1,0.016,0.984,517992,5.2,80,237,1,3
cmd/uptodate,0,-1,0,519160,5.2,80,1,0,0
cmd/urlcheck,0,-1,0,520592,5.2,80,1,0,0
cmd/urlcheck/lib/urlcheck,0,-1,0,522036,5.2,80,1,0,0
cmd/workload,0,-1,0,523784,4.0,80,1,0,0
cmd/wraprules,0,-1,0,525068,3.8,80,1,0,0
cmd/zerosum,0,-1,0,526596,3.8,80,1,0,0
col/coldata,3,1.333,1.667,633876,5.5,85,427,21,190
col/coldatatestutils,0,-1,0,272580,13.6,47,1,0,0
col/colserde,1,0.051,0.949,722052,10.3,83,26,7,4
col/colserde/arrowserde,0,-1,0,294344,9.7,57,1,0,0
col/typeconv,0,-1,0,295432,9.7,57,1,0,0
compose,0,-1,0,296740,9.7,57,1,0,0
compose/compare/compare,0,-1,0,298356,9.7,57,1,0,0
config,1,0.032,0.968,1283952,86.1,81,19,7,0
config/zonepb,1,0.034,0.966,440436,8.1,78,113,9,46
geo,0.022,0.022,0,534608,8.8,80,178,14,54
geo/geogfn,3,2.887,0.11299999999999999,309092,73.5,70,1341,7,662
geo/geographiclib,1,0.009,0.991,319856,10.8,61,27,3,3
geo/geoindex,1,0.023,0.977,659788,11.5,114,434,2,0
geo/geomfn,1,0.022,0.978,567572,11.3,114,175,13,73
geo/geopb,0,-1,0,483608,10.8,81,1,0,0
geo/geos,0.015,0.015,0,501556,10.8,81,12,2,3
gossip,2,1.834,0.16599999999999993,990536,170.9,116,788,51,24
gossip/resolver,0.021,0.021,0,412208,12.2,55,8,3,0
gossip/simulation,0,-1,0,290608,12.3,55,1,0,0
internal/client/requestbatcher,0.132,0.132,0,313968,11.8,77,40,12,2
internal/rsg,1,0.023,0.977,776928,10.2,79,7,1,1
internal/rsg/yacc,0.036,0.036,0,465564,10.1,60,6,2,0
internal/sqlsmith,12,1.498,10.502,1794544,410.2,95,3014,2,4
jobs,11,6.424,4.576,2134892,253.2,115,1638,15,56
jobs/jobspb,0,-1,0,367268,11.4,78,1,0,0
jobs/jobsprotectedts,3,0.185,2.815,1128288,27.6,93,53,1,0
keys,2,0.029,1.971,859488,352.0,82,789,22,118
kv,12,3.08,8.92,1134412,242.6,100,1513,43,24
kv/bulk,4,1.829,2.1710000000000003,1697380,225.0,96,1018,3,54
kv/kvbase,0,-1,0,853604,12.3,80,1,0,0
kv/kvclient,0,-1,0,853600,12.4,80,1,0,0
kv/kvclient/kvcoord,18,14.734,3.266,1143200,250.5,96,3188,188,301
kv/kvnemesis,8,4.329,3.6710000000000003,1437268,360.1,109,1790,7,35
kv/kvserver,193,190.336,2.6639999999999873,1982560,1752.1,141,46218,610,967
kv/kvserver/abortspan,0.029,0.029,0,321792,34.1,74,8,2,0
kv/kvserver/apply,0.013,0.013,0,355264,34.5,72,11,4,0
kv/kvserver/batcheval,8,5.811,2.189,1403960,377.3,104,1873,18,197
kv/kvserver/batcheval/result,1,0.021,0.979,569620,22.1,80,7,2,0
kv/kvserver/closedts,0,-1,0,287752,22.1,55,1,0,0
kv/kvserver/closedts/container,0.074,0.074,0,392680,20.7,70,67,1,0
kv/kvserver/closedts/ctpb,0,-1,0,347364,20.7,70,1,0,0
kv/kvserver/closedts/minprop,2,0.028,1.972,1110000,18.8,115,514,8,0
kv/kvserver/closedts/provider,0.037,0.037,0,536380,18.8,80,139,3,0
kv/kvserver/closedts/provider/testutils,0,-1,0,538020,17.9,80,1,0,0
kv/kvserver/closedts/storage,0.033,0.033,0,307712,16.4,68,11,4,0
kv/kvserver/closedts/transport,0.023,0.023,0,328112,16.5,64,9,2,0
kv/kvserver/closedts/transport/testutils,0,-1,0,290780,16.4,58,1,0,0
kv/kvserver/compactor,1,0.161,0.839,490856,14.6,83,91,5,15
kv/kvserver/concurrency,28,26.739,1.2609999999999992,684132,211.1,87,8779,14,93
kv/kvserver/concurrency/lock,0,-1,0,273328,11.7,47,1,0,0
kv/kvserver/constraint,0,-1,0,273344,11.7,48,1,0,0
kv/kvserver/diskmap,0,-1,0,273344,11.7,48,1,0,0
kv/kvserver/gc,3,1.625,1.375,543232,11.3,90,32,5,9
kv/kvserver/idalloc,2,0.305,1.695,1200284,66.4,90,25,4,0
kv/kvserver/intentresolver,2,0.124,1.876,352712,8.5,83,94,8,17
kv/kvserver/protectedts,0.02,0.02,0,301740,7.6,70,5,1,0
kv/kvserver/protectedts/ptcache,2,0.952,1.048,1633232,134.4,94,349,6,13
kv/kvserver/protectedts/ptpb,0,-1,0,315252,9.2,66,1,0,0
kv/kvserver/protectedts/ptprovider,0,-1,0,317300,9.2,66,1,0,0
kv/kvserver/protectedts/ptreconcile,2,0.167,1.833,1474336,161.0,93,54,1,2
kv/kvserver/protectedts/ptstorage,3,1.759,1.241,1537516,316.7,95,725,4,47
kv/kvserver/protectedts/ptverifier,3,0.177,2.823,1995244,184.9,114,61,1,5
kv/kvserver/raftentry,0.138,0.138,0,332648,9.2,84,39,16,2
kv/kvserver/rangefeed,0.263,0.263,0,332756,9.2,81,69,21,5
kv/kvserver/rditer,1,0.032,0.968,682488,9.2,79,61,2,27
kv/kvserver/reports,8,6.006,1.9939999999999998,1276732,628.8,116,2177,13,5
kv/kvserver/spanlatch,13,11.161,1.8390000000000004,482428,208.7,83,258,18,89
kv/kvserver/spanset,0.032,0.032,0,974912,6.2,115,19,8,0
kv/kvserver/split,0.032,0.032,0,312892,6.1,70,14,5,0
kv/kvserver/stateloader,1,0.026,0.974,730088,6.4,81,6,1,0
kv/kvserver/storagebase,0,-1,0,273356,6.4,48,1,0,0
kv/kvserver/storagepb,0,-1,0,279456,6.4,52,1,0,0
kv/kvserver/tscache,22,22.301,0,433552,401.6,85,424,25,179
kv/kvserver/txnrecovery,2,0.507,1.4929999999999999,459680,0.8,77,33,3,10
kv/kvserver/txnwait,1,0.027,0.973,787180,1.8,113,149,4,68
roachpb,1,0.404,0.596,326212,13.0,82,532,73,122
rpc,2,1.478,0.522,711124,80.5,84,163,29,28
rpc/nodedialer,1,0.095,0.905,544668,10.7,80,21,5,0
security,3,1.11,1.89,953984,184.2,94,355,17,22
security/securitytest,0,-1,0,300388,9.6,57,1,0,0
server,81,77.752,3.2480000000000047,1799876,336.9,117,23765,117,2060
server/debug,1,0.032,0.968,467300,20.7,73,24,4,7
server/debug/goroutineui,0.016,0.016,0,424536,21.0,77,5,1,0
server/debug/pprofui,0.04,0.04,0,467756,18.9,70,10,1,3
server/diagnosticspb,0.488,0.488,0,797336,128.5,79,5,1,0
server/goroutinedumper,1,0.022,0.978,355708,33.5,72,45,4,14
server/heapprofiler,0.019,0.019,0,273568,29.2,48,4,1,0
server/serverpb,1,0.023,0.977,346116,25.0,66,5,1,0
server/status,1,0.073,0.927,580628,21.9,84,17,7,0
server/status/statuspb,0,-1,0,293724,18.1,56,1,0,0
server/telemetry,0.016,0.016,0,564372,18.1,79,5,1,0
settings,0.02,0.02,0,319204,18.2,56,24,5,6
settings/cluster,0,-1,0,319812,15.9,56,1,0,0
sql,206,201.937,4.062999999999988,1993100,481.5,121,43705,312,770
sql/backfill,2,-1,0,274184,41.7,47,2,0,0
sql/colcontainer,4,2.439,1.561,621212,178.6,91,33,3,11
sql/colencoding,8,0.029,7.971,3126416,791.2,83,2008,1,0
sql/colexec,97,91.471,5.528999999999996,3311336,602.2,94,20663,99,10205
sql/colexec/execgen,2,-1,0,296584,39.7,47,3,0,0
sql/colexec/execgen/cmd/execgen,0,-1,0,296580,39.7,47,1,0,0
sql/colexec/execpb,0,-1,0,296596,39.7,48,1,0,0
sql/colexecbase,1,0.682,0.31799999999999995,357632,32.6,84,5,1,0
sql/colexecbase/colexecerror,0,-1,0,296536,52.3,47,2,0,0
sql/colflow,3,1.07,1.93,1535148,249.6,91,92,9,33
sql/colflow/colrpc,4,0.075,3.925,1104396,224.1,84,63,10,17
sql/colmem,0,-1,0,364248,38.4,72,1,0,0
sql/covering,0.014,0.014,0,420276,37.8,61,26,1,11
sql/delegate,0,-1,0,340464,37.8,61,1,0,0
sql/distsql,14,10.603,3.3970000000000002,1723016,255.9,94,100,10,0
sql/enum,5,4.273,0.7270000000000003,323484,77.7,73,11,3,0
sql/execinfra,9,0.703,8.297,1690740,165.8,84,16,4,0
sql/execinfrapb,3,0.029,2.971,809200,20.8,80,12,2,0
sql/flowinfra,6,3.537,2.463,1401532,301.5,102,646,21,15
sql/gcjob,0,-1,0,296572,34.1,47,2,0,0
sql/gcjob_test,13,11.627,1.3729999999999993,1629388,325.9,126,579,1,0
sql/lex,1,0.333,0.667,533628,5.0,84,123,6,54
sql/logictest,1845,1842.926,2.074000000000069,2442852,541.7,130,57113,1,4414
sql/mutations,0.025,0.025,0,302652,35.1,49,4,0,0
sql/oidext,0.007,0.007,0,421216,35.6,80,11,0,0
sql/opt,0.024,0.024,0,327424,29.6,66,18,0,0
sql/opt/bench,3,0.04,2.96,1707340,276.2,80,9,0,0
sql/opt/cat,1,0.025,0.975,801912,22.1,81,7,0,0
sql/opt/constraint,1,0.031,0.969,623020,19.0,81,207,0,0
sql/opt/exec,0,-1,0,623724,19.0,81,1,0,0
sql/opt/exec/execbuilder,56,54.112,1.8879999999999981,1560768,391.7,119,1425,0,0
sql/opt/idxconstraint,4,0.043,3.957,1491200,82.1,117,1720,0,0
sql/opt/memo,919,920.711,0,377724,74.3,88,433400,0,0
sql/opt/norm,71,70.409,0.590999999999994,730108,101.8,87,32398,0,0
sql/opt/opbench,1,0.104,0.896,823856,16.7,85,19,0,0
sql/opt/optbuilder,71,69.087,1.9129999999999967,646764,104.3,88,32226,0,0
sql/opt/optgen/cmd/langgen,0,-1,0,305192,17.8,50,2,0,0
sql/opt/optgen/cmd/optfmt,1,0.019,0.981,480776,18.2,82,520,0,0
sql/opt/optgen/cmd/optgen,4,4.62,0,323568,41.0,60,1892,0,0
sql/opt/optgen/exprgen,2,0.468,1.532,888072,15.6,83,634,0,0
sql/opt/optgen/lang,5,0.017,4.983,1491444,134.4,115,2096,0,0
sql/opt/ordering,0.029,0.029,0,689912,17.8,82,162,0,0
sql/opt/props,1.034,1.034,0,754916,17.3,82,67,0,0
sql/opt/props/physical,1,0.022,0.978,799936,17.4,82,32,0,0
sql/opt/testutils,0,-1,0,801412,17.1,82,1,0,0
sql/opt/testutils/opttester,4,3.281,0.7189999999999999,960768,132.2,84,1603,0,0
sql/opt/testutils/testcat,1,0.03,0.97,975316,126.0,84,563,0,0
sql/opt/testutils/testexpr,0,-1,0,958832,126.1,82,1,0,0
sql/opt/xform,119,118.091,0.909000000000006,549152,141.4,88,55646,0,0
sql/parser,6,4.785,1.2149999999999999,366776,124.6,87,2283,0,0
sql/parser/fuzz,0,-1,0,370932,17.5,68,1,0,0
sql/pgwire,24,20.24,3.7600000000000016,1779164,178.8,116,8500,0,0
sql/pgwire/hba,3,0.026,2.974,1271100,91.8,117,1127,0,0
sql/pgwire/pgcode,0,-1,0,1271112,91.9,81,1,0,0
sql/pgwire/pgerror,0.023,0.023,0,1417752,95.2,81,134,0,0
sql/pgwire/pgnotice,0,-1,0,1418240,95.2,81,1,0,0
sql/pgwire/pgwirebase,0,-1,0,1418776,95.2,81,1,0,0
sql/physicalplan,5,4.49,0.5099999999999998,1825028,321.4,116,1644,0,0
sql/physicalplan/replicaoracle,1,0.025,0.975,801744,18.5,80,11,0,0
sql/privilege,0.018,0.018,0,484420,17.6,49,4,0,0
sql/querycache,1,0.177,0.823,803276,16.7,81,11,0,0
sql/roleoption,0,-1,0,311964,15.7,53,1,0,0
sql/row,22,3.73,18.27,3188020,809.1,96,1085,0,0
sql/rowcontainer,1,0.195,0.8049999999999999,855092,8.8,93,67,0,0
sql/rowexec,10,7.219,2.7809999999999997,987832,295.6,104,2880,0,0
sql/rowflow,3,0.76,2.24,469176,42.6,95,68,0,0
sql/schema,1,-1,0,297628,49.0,48,2,0,0
sql/schemachange,8,5.102,2.8979999999999997,1112152,353.6,97,2166,0,0
sql/scrub,0,-1,0,576908,25.7,82,1,0,0
sql/sem/builtins,21,3.312,17.688,3227904,767.2,95,1533,0,0
sql/sem/transform,0,-1,0,297632,8.5,48,1,0,0
sql/sem/tree,109,90.293,18.706999999999994,3127748,719.6,115,42649,0,0
sql/sessiondata,0.015,0.015,0,538620,16.3,82,64,0,0
sql/span,0,-1,0,472884,16.3,82,1,0,0
sql/sqlbase,24,4.442,19.558,3079732,686.8,97,1487,0,0
sql/sqltelemetry,0,-1,0,297644,25.7,48,2,0,0
sql/sqlutil,0,-1,0,297644,25.7,48,1,0,0
sql/stats,21,11.214,9.786,1727156,287.4,103,4198,0,0
sql/stmtdiagnostics,3,0.812,2.1879999999999997,1552744,50.4,99,177,0,0
sql/tests,28,24.972,3.0279999999999987,1833300,636.2,106,2152,0,0
sql/types,1,0.018,0.982,853296,18.0,81,359,0,0
sql/vtable,0,-1,0,854276,17.0,81,1,0,0
sqlmigrations,2,0.924,1.076,1728308,122.7,97,402,0,0
sqlmigrations/leasemanager,2,0.413,1.587,1526536,151.7,94,183,0,0
storage,36,36.303,0,1053536,240.8,95,15277,0,0
storage/cloud,1,0.236,0.764,521044,13.5,84,199,0,0
storage/enginepb,0.021,0.021,0,441128,12.9,56,6,0,0
storage/fs,0,-1,0,311308,12.9,56,1,0,0
storage/metamorphic,25,24.845,0.15500000000000114,755664,111.4,94,10573,0,0
testutils,1,0.209,0.791,680008,23.9,81,20,0,0
testutils/buildutil,0,-1,0,297676,21.0,49,1,0,0
testutils/colcontainerutils,0,-1,0,297676,21.0,49,1,0,0
testutils/diagutils,0,-1,0,304968,21.0,56,1,0,0
testutils/distsqlutils,0,-1,0,310052,21.0,56,1,0,0
testutils/gossiputil,0,-1,0,311988,21.0,56,1,0,0
testutils/jobutils,0,-1,0,314492,21.0,58,1,0,0
testutils/keysutils,1,0.023,0.977,808144,19.4,80,15,0,0
testutils/kvclientutils,0,-1,0,319168,19.4,58,1,0,0
testutils/lint,0,-1,0,320408,19.4,58,1,0,0
testutils/lint/passes/descriptormarshal,0.028,0.028,0,520432,18.1,64,4,0,0
testutils/lint/passes/errcmp,0,-1,0,297684,18.1,49,1,0,0
testutils/lint/passes/fmtsafe,1,0.672,0.32799999999999996,731456,18.1,82,24,0,0
testutils/lint/passes/hash,0.701,0.701,0,735012,113.6,83,5,0,0
testutils/lint/passes/nocopy,0.028,0.028,0,519412,12.9,64,4,0,0
testutils/lint/passes/returnerrcheck,1,0.976,0.02400000000000002,476648,12.9,81,5,0,0
testutils/lint/passes/timer,1,0.382,0.618,508340,11.2,80,5,0,0
testutils/lint/passes/unconvert,0.027,0.027,0,451312,10.3,73,5,0,0
testutils/localtestcluster,0,-1,0,297684,10.3,49,1,0,0
testutils/pgtest,0,-1,0,304404,10.3,55,1,0,0
testutils/physicalplanutils,0,-1,0,310056,10.3,56,1,0,0
testutils/reduce,0.014,0.014,0,368764,10.0,66,26,0,0
testutils/reduce/reducesql,1,0.038,0.962,1436916,140.3,80,6,0,0
testutils/serverutils,0,-1,0,297684,9.4,49,1,0,0
testutils/sqlutils,3,0.121,2.879,1625944,177.9,93,53,0,0
testutils/storageutils,0,-1,0,331172,8.3,67,1,0,0
testutils/testcluster,7,4.288,2.7119999999999997,2072464,438.3,115,1705,0,0
testutils/zerofields,0.014,0.014,0,514896,15.8,49,4,0,0
ts,11,8.176,2.824,2070304,219.9,115,521,0,0
ts/catalog,0,-1,0,297668,7.7,48,1,0,0
ts/testmodel,0.021,0.021,0,480628,8.3,81,166,0,0
ts/tspb,0,-1,0,326136,8.3,81,1,0,0
ui,0,-1,0,326164,8.3,81,1,0,0
ui/distccl,0,-1,0,326212,8.3,81,1,0,0
ui/distoss,0,-1,0,326236,8.3,81,1,0,0
util,0.243,0.243,0,379004,8.6,73,81,0,0
util/arith,0,-1,0,320580,7.6,59,1,0,0
util/binfetcher,0.02,0.02,0,305540,7.4,56,5,0,0
util/bitarray,1,0.023,0.977,797720,8.9,115,485,0,0
util/bufalloc,0,-1,0,527696,8.9,81,1,0,0
util/cache,0.016,0.016,0,578764,9.0,81,28,0,0
util/caller,0.016,0.016,0,309920,9.5,56,6,0,0
util/cgroups,1,0.022,0.978,709176,117.7,80,23,0,0
util/cloudinfo,0.017,0.017,0,514164,8.4,59,14,0,0
util/contextutil,0.049,0.049,0,320220,7.9,56,8,0,0
util/ctxgroup,1,0.021,0.979,696204,7.9,80,9,0,0
util/duration,0.016,0.016,0,337576,8.2,62,20,0,0
util/encoding,3,2.244,0.7559999999999998,347436,154.2,82,1029,0,0
util/encoding/csv,0.019,0.019,0,531836,9.8,80,150,0,0
util/envutil,0.008,0.008,0,399860,9.8,80,4,0,0
util/errorutil,0.016,0.016,0,584528,9.8,80,5,0,0
util/errorutil/unimplemented,0.014,0.014,0,538700,9.6,81,18,0,0
util/fileutil,0,-1,0,313920,9.6,56,1,0,0
util/flagutil,0.016,0.016,0,538704,9.2,74,26,0,0
util/fsm,0.009,0.009,0,339572,9.7,67,26,0,0
util/growstack,0,-1,0,341576,9.7,67,1,0,0
util/grpcutil,0.021,0.021,0,606452,9.7,81,22,0,0
util/hlc,0.02,0.02,0,529832,9.2,81,105,0,0
util/httputil,0,-1,0,434672,8.9,78,1,0,0
util/humanizeutil,0.014,0.014,0,370692,9.3,49,4,0,0
util/interval,2,1.77,0.22999999999999998,532176,223.7,87,244,0,0
util/interval/generic,12,12.128,0,502820,164.7,85,73,0,0
util/interval/generic/internal,0,-1,0,360820,2.0,81,1,0,0
util/ipaddr,0.014,0.014,0,369488,11.4,82,43,0,0
util/json,6,5.593,0.40700000000000003,333628,35.0,75,2427,0,0
util/keysutil,0,-1,0,297700,8.6,48,1,0,0
util/leaktest,0,-1,0,342824,8.6,49,1,0,0
util/limit,1,0.227,0.773,334984,8.0,81,25,0,0
util/log,48,2.22,45.78,3204472,815.0,96,1022,0,0
util/log/logflags,0,-1,0,297712,5.8,48,1,0,0
util/log/testshout,0.016,0.016,0,297728,6.0,49,5,0,0
util/metric,0.018,0.018,0,443016,5.3,81,22,0,0
util/mon,3,1.483,1.517,1049856,89.4,115,1357,0,0
util/netutil,0.019,0.019,0,549344,8.8,81,24,0,0
util/pretty,0.008,0.008,0,559380,8.8,81,6,0,0
util/protoutil,0.023,0.023,0,822324,8.2,81,5,0,0
util/quotapool,0.074,0.074,0,830576,112.9,116,53,0,0
util/randutil,0.016,0.016,0,327164,9.2,65,8,0,0
util/retry,0.019,0.019,0,660736,9.4,82,25,0,0
util/ring,12,11.962,0.038000000000000256,313900,75.0,64,12,0,0
util/sdnotify,0.016,0.016,0,297744,1.7,49,4,0,0
util/search,0.016,0.016,0,347888,1.9,81,27,0,0
util/shuffle,0.015,0.015,0,306516,2.3,49,4,0,0
util/span,0.023,0.023,0,452332,2.7,68,8,0,0
util/stacktrace,0.013,0.013,0,323492,3.0,69,11,0,0
util/stop,1,0.358,0.642,383488,3.4,81,70,0,0
util/stringarena,0,-1,0,691940,3.4,80,4,0,0
util/stringencoding,0,-1,0,297744,3.4,49,1,0,0
util/syncutil,1,0.141,0.859,309624,3.7,81,10,0,0
util/syncutil/singleflight,0.025,0.025,0,331284,4.3,75,14,0,0
util/sysutil,0.017,0.017,0,317188,4.0,59,8,0,0
util/timeofday,0.014,0.014,0,357068,4.8,81,60,0,0
util/timetz,1,0.016,0.984,526068,5.2,81,127,0,0
util/timeutil,1,0.438,0.562,506276,5.8,61,83,0,0
util/timeutil/pgdate,0.087,0.087,0,517936,6.5,83,122,0,0
util/tracing,0.016,0.016,0,538804,6.5,57,12,0,0
util/treeprinter,0.007,0.007,0,510860,6.0,66,8,0,0
util/uint128,0.014,0.014,0,511416,6.3,64,22,0,0
util/unique,0.006,0.006,0,446584,6.7,68,44,0,0
util/uuid,1,0.015,0.985,474176,7.4,81,164,0,0
util/version,0.013,0.013,0,321480,7.5,70,10,0,0
workload,12,0.056,11.944,1615504,156.1,82,27,0,0
workload/bank,3,1.076,1.924,938756,248.8,94,180,0,0
workload/bulkingest,0,-1,0,312420,6.6,53,1,0,0
workload/cli,0.02,0.02,0,636436,6.5,81,9,0,0
workload/debug,0,-1,0,319928,6.5,67,1,0,0
workload/examples,0,-1,0,320724,6.5,67,1,0,0
workload/faker,0.008,0.008,0,317092,7.0,60,6,0,0
workload/histogram,0,-1,0,318228,7.0,60,1,0,0
workload/indexes,0,-1,0,319532,7.0,67,1,0,0
workload/interleavedpartitioned,0,-1,0,320244,7.1,67,1,0,0
workload/jsonload,0,-1,0,320912,7.1,67,1,0,0
workload/kv,0,-1,0,321916,7.1,67,1,0,0
workload/ledger,0,-1,0,332400,7.1,75,1,0,0
workload/movr,0.021,0.021,0,320040,6.8,58,4,0,0
workload/querybench,0,-1,0,297748,6.8,49,1,0,0
workload/querylog,0,-1,0,312972,6.8,53,1,0,0
workload/queue,0,-1,0,318684,6.8,65,1,0,0
workload/rand,0,-1,0,320100,6.8,65,1,0,0
workload/schemachange,0,-1,0,321692,6.8,74,1,0,0
workload/sqlsmith,0,-1,0,322428,6.8,74,1,0,0
workload/tpcc,0.021,0.021,0,713024,7.2,80,45,0,0
workload/tpccchecks,0,-1,0,346192,7.2,65,1,0,0
workload/tpcds,0,-1,0,347608,7.2,65,1,0,0
workload/tpch,0,-1,0,349572,7.2,65,1,0,0
workload/workloadimpl,0.013,0.013,0,520340,7.6,49,4,0,0
workload/workloadsql,8,5.115,2.885,1715064,311.4,95,867,0,0
workload/ycsb,16,15.632,0.3680000000000003,503328,113.0,81,38,0,0
